No.,名称,经度(度),纬度(度),高程(米)
0,0,101.601562500,41.244772343,1121.113
1,0,102.251960099,41.244772343,1267.808
2,0,102.902357698,41.244772343,1434.104
3,0,103.552755297,41.244772343,1374.916
4,0,104.203152896,41.244772343,1351.987
5,0,104.853550495,41.244772343,1267.267
6,0,105.503948094,41.244772343,1257.028
7,0,106.154345693,41.244772343,1195.544
8,0,106.804743291,41.244772343,1058.778
9,0,107.455140890,41.244772343,1070.139
10,0,108.105538489,41.244772343,1064.927
11,0,108.755936088,41.244772343,1136.163
12,0,109.406333687,41.244772343,1633.000
13,0,110.056731286,41.244772343,1277.875
14,0,110.707128885,41.244772343,1559.918
15,0,111.357526484,41.244772343,1129.575
16,0,112.007924083,41.244772343,1225.376
17,0,112.658321682,41.244772343,1419.669
18,0,113.308719281,41.244772343,1514.691
19,0,113.959116880,41.244772343,1334.368
20,0,114.609514479,41.244772343,996.816
21,0,115.259912078,41.244772343,921.520
22,0,115.910309676,41.244772343,939.239
23,0,116.560707275,41.244772343,567.519
24,0,117.211104874,41.244772343,547.243
25,0,117.861502473,41.244772343,586.585
26,0,118.511900072,41.244772343,635.536
27,0,119.162297671,41.244772343,464.680
28,0,119.812695270,41.244772343,281.579
29,0,120.463092869,41.244772343,152.985
30,0,121.113490468,41.244772343,122.200
31,0,121.763888067,41.244772343,1.160
32,0,122.414285666,41.244772343,146.390
33,0,123.064683265,41.244772343,238.065
34,0,123.715080864,41.244772343,320.860
35,0,101.601562500,40.594374744,1273.453
36,0,102.251960099,40.594374744,1323.072
37,0,102.902357698,40.594374744,1521.128
38,0,103.552755297,40.594374744,1532.202
39,0,104.203152896,40.594374744,1470.927
40,0,104.853550495,40.594374744,1416.241
41,0,105.503948094,40.594374744,1237.880
42,0,106.154345693,40.594374744,1096.656
43,0,106.804743291,40.594374744,1210.127
44,0,107.455140890,40.594374744,1358.494
45,0,108.105538489,40.594374744,1293.949
46,0,108.755936088,40.594374744,1339.787
47,0,109.406333687,40.594374744,1314.376
48,0,110.056731286,40.594374744,1267.613
49,0,110.707128885,40.594374744,1101.602
50,0,111.357526484,40.594374744,1129.184
51,0,112.007924083,40.594374744,1377.992
52,0,112.658321682,40.594374744,1307.212
53,0,113.308719281,40.594374744,1251.275
54,0,113.959116880,40.594374744,1261.800
55,0,114.609514479,40.594374744,1364.820
56,0,115.259912078,40.594374744,1170.891
57,0,115.910309676,40.594374744,481.473
58,0,116.560707275,40.594374744,40.115
59,0,117.211104874,40.594374744,41.997
60,0,117.861502473,40.594374744,60.690
61,0,118.511900072,40.594374744,101.058
62,0,119.162297671,40.594374744,232.167
63,0,119.812695270,40.594374744,135.344
64,0,120.463092869,40.594374744,110.200
65,0,121.763888067,40.594374744,39.074
66,0,122.414285666,40.594374744,124.837
67,0,123.064683265,40.594374744,164.529
68,0,123.715080864,40.594374744,122.225
69,0,101.601562500,39.943977145,1372.380
70,0,102.251960099,39.943977145,1481.739
71,0,102.902357698,39.943977145,1552.458
72,0,103.552755297,39.943977145,1396.392
73,0,104.203152896,39.943977145,1328.454
74,0,104.853550495,39.943977145,1301.229
75,0,105.503948094,39.943977145,1286.497
76,0,106.154345693,39.943977145,1251.552
77,0,106.804743291,39.943977145,1268.062
78,0,107.455140890,39.943977145,1390.206
79,0,108.105538489,39.943977145,1416.358
80,0,108.755936088,39.943977145,1405.800
81,0,109.406333687,39.943977145,1345.642
82,0,110.056731286,39.943977145,1322.138
83,0,110.707128885,39.943977145,1172.089
84,0,111.357526484,39.943977145,1212.693
85,0,112.007924083,39.943977145,1474.325
86,0,112.658321682,39.943977145,1232.896
87,0,113.308719281,39.943977145,1535.391
88,0,113.959116880,39.943977145,1503.262
89,0,114.609514479,39.943977145,1126.042
90,0,115.259912078,39.943977145,697.250
91,0,115.910309676,39.943977145,154.243
92,0,116.560707275,39.943977145,17.333
93,0,117.211104874,39.943977145,6.001
94,0,117.861502473,39.943977145,3.626
95,0,118.511900072,39.943977145,14.925
96,0,119.162297671,39.943977145,8.002
97,0,119.812695270,39.943977145,7.000
98,0,121.763888067,39.943977145,75.253
99,0,122.414285666,39.943977145,41.378
100,0,123.064683265,39.943977145,15.066
101,0,101.601562500,39.293579546,1958.291
102,0,102.251960099,39.293579546,1558.055
103,0,102.902357698,39.293579546,1428.780
104,0,103.552755297,39.293579546,1366.802
105,0,104.203152896,39.293579546,1343.047
106,0,104.853550495,39.293579546,1326.340
107,0,105.503948094,39.293579546,1740.071
108,0,106.154345693,39.293579546,1701.434
109,0,106.804743291,39.293579546,1214.960
110,0,107.455140890,39.293579546,1370.484
111,0,108.105538489,39.293579546,1395.599
112,0,108.755936088,39.293579546,1336.485
113,0,109.406333687,39.293579546,1270.892
114,0,110.056731286,39.293579546,1245.912
115,0,110.707128885,39.293579546,1019.205
116,0,111.357526484,39.293579546,1469.383
117,0,112.007924083,39.293579546,1594.878
118,0,112.658321682,39.293579546,1093.214
119,0,113.308719281,39.293579546,1310.359
120,0,113.959116880,39.293579546,981.901
121,0,114.609514479,39.293579546,338.414
122,0,115.259912078,39.293579546,131.412
123,0,115.910309676,39.293579546,15.490
124,0,116.560707275,39.293579546,8.258
125,0,117.211104874,39.293579546,4.857
126,0,117.861502473,39.293579546,0.582
127,0,118.511900072,39.293579546,0.400
128,0,119.162297671,39.293579546,0.400
129,0,121.763888067,39.293579546,40.800
130,0,122.414285666,39.293579546,17.949
131,0,123.064683265,39.293579546,0.200
132,0,101.601562500,38.643181947,3050.456
133,0,102.251960099,38.643181947,2019.219
134,0,102.902357698,38.643181947,1607.192
135,0,103.552755297,38.643181947,1504.641
136,0,104.203152896,38.643181947,1466.842
137,0,104.853550495,38.643181947,1400.899
138,0,105.503948094,38.643181947,1366.408
139,0,106.154345693,38.643181947,1343.388
140,0,106.804743291,38.643181947,1382.355
141,0,107.455140890,38.643181947,1469.697
142,0,108.105538489,38.643181947,1342.873
143,0,108.755936088,38.643181947,1224.770
144,0,109.406333687,38.643181947,1136.134
145,0,110.056731286,38.643181947,1065.721
146,0,110.707128885,38.643181947,1041.385
147,0,111.357526484,38.643181947,1527.753
148,0,112.007924083,38.643181947,1383.064
149,0,112.658321682,38.643181947,1292.442
150,0,113.308719281,38.643181947,1057.951
151,0,113.959116880,38.643181947,613.246
152,0,114.609514479,38.643181947,213.436
153,0,115.259912078,38.643181947,39.233
154,0,115.910309676,38.643181947,20.161
155,0,116.560707275,38.643181947,13.951
156,0,117.211104874,38.643181947,10.083
157,0,117.861502473,38.643181947,5.014
158,0,118.511900072,38.643181947,2.102
159,0,119.162297671,38.643181947,2.102
160,0,120.463092869,38.643181947,4.400
161,0,121.113490468,38.643181947,4.400
162,0,101.601562500,37.992784348,3159.467
163,0,102.251960099,37.992784348,3727.823
164,0,102.902357698,37.992784348,2758.059
165,0,103.552755297,37.992784348,2423.540
166,0,104.203152896,37.992784348,1937.868
167,0,104.853550495,37.992784348,1525.891
168,0,105.503948094,37.992784348,1352.760
169,0,106.154345693,37.992784348,1348.114
170,0,106.804743291,37.992784348,1453.712
171,0,107.455140890,37.992784348,1576.524
172,0,108.105538489,37.992784348,1625.335
173,0,108.755936088,37.992784348,1531.997
174,0,109.406333687,37.992784348,1220.413
175,0,110.056731286,37.992784348,1046.897
176,0,110.707128885,37.992784348,853.692
177,0,111.357526484,37.992784348,1341.896
178,0,112.007924083,37.992784348,972.985
179,0,112.658321682,37.992784348,976.618
180,0,113.308719281,37.992784348,1259.896
181,0,113.959116880,37.992784348,806.851
182,0,114.609514479,37.992784348,174.568
183,0,115.259912078,37.992784348,27.926
184,0,115.910309676,37.992784348,25.876
185,0,116.560707275,37.992784348,22.200
186,0,117.211104874,37.992784348,14.981
187,0,117.861502473,37.992784348,11.496
188,0,118.511900072,37.992784348,7.623
189,0,119.162297671,37.992784348,7.068
190,0,119.812695270,37.992784348,77.517
191,0,120.463092869,37.992784348,156.976
192,0,121.113490468,37.992784348,76.833
193,0,121.763888067,37.992784348,31.705
194,0,122.414285666,37.992784348,12.402
195,0,123.064683265,37.992784348,1.800
196,0,101.601562500,37.342386749,3177.823
197,0,102.251960099,37.342386749,3400.694
198,0,102.902357698,37.342386749,2766.373
199,0,103.552755297,37.342386749,2381.522
200,0,104.203152896,37.342386749,1842.639
201,0,104.853550495,37.342386749,1774.043
202,0,105.503948094,37.342386749,1780.416
203,0,106.154345693,37.342386749,1699.717
204,0,106.804743291,37.342386749,1622.660
205,0,107.455140890,37.342386749,1437.703
206,0,108.105538489,37.342386749,1442.268
207,0,108.755936088,37.342386749,1407.472
208,0,109.406333687,37.342386749,1163.531
209,0,110.056731286,37.342386749,998.868
210,0,110.707128885,37.342386749,1143.020
211,0,111.357526484,37.342386749,1037.362
212,0,112.007924083,37.342386749,1382.627
213,0,112.658321682,37.342386749,1159.732
214,0,113.308719281,37.342386749,1015.517
215,0,113.959116880,37.342386749,583.547
216,0,114.609514479,37.342386749,130.471
217,0,115.259912078,37.342386749,38.567
218,0,115.910309676,37.342386749,32.840
219,0,116.560707275,37.342386749,63.055
220,0,117.211104874,37.342386749,158.205
221,0,117.861502473,37.342386749,102.017
222,0,118.511900072,37.342386749,96.155
223,0,119.162297671,37.342386749,31.221
224,0,119.812695270,37.342386749,65.987
225,0,120.463092869,37.342386749,87.152
226,0,121.113490468,37.342386749,81.198
227,0,121.763888067,37.342386749,27.581
228,0,122.414285666,37.342386749,0.200
229,0,101.601562500,36.691989151,3489.097
230,0,102.251960099,36.691989151,2897.812
231,0,102.902357698,36.691989151,2178.805
232,0,103.552755297,36.691989151,1976.545
233,0,104.203152896,36.691989151,2018.008
234,0,104.853550495,36.691989151,1982.731
235,0,105.503948094,36.691989151,1929.868
236,0,106.154345693,36.691989151,1857.775
237,0,106.804743291,36.691989151,1631.767
238,0,107.455140890,36.691989151,1339.271
239,0,108.105538489,36.691989151,1280.253
240,0,108.755936088,36.691989151,1408.402
241,0,109.406333687,36.691989151,1049.857
242,0,110.056731286,36.691989151,1213.645
243,0,110.707128885,36.691989151,1006.064
244,0,111.357526484,36.691989151,793.736
245,0,112.007924083,36.691989151,1065.993
246,0,112.658321682,36.691989151,1000.615
247,0,113.308719281,36.691989151,1057.802
248,0,113.959116880,36.691989151,597.905
249,0,114.609514479,36.691989151,95.279
250,0,115.259912078,36.691989151,49.699
251,0,115.910309676,36.691989151,43.084
252,0,116.560707275,36.691989151,125.772
253,0,117.211104874,36.691989151,382.593
254,0,117.861502473,36.691989151,298.680
255,0,118.511900072,36.691989151,258.886
256,0,119.162297671,36.691989151,126.732
257,0,119.812695270,36.691989151,38.766
258,0,120.463092869,36.691989151,103.140
259,0,121.113490468,36.691989151,138.200
260,0,101.601562500,36.041591552,3783.846
261,0,102.251960099,36.041591552,3251.977
262,0,102.902357698,36.041591552,3004.537
263,0,103.552755297,36.041591552,2351.312
264,0,104.203152896,36.041591552,2098.357
265,0,104.853550495,36.041591552,2018.102
266,0,105.503948094,36.041591552,1837.277
267,0,106.154345693,36.041591552,1735.467
268,0,106.804743291,36.041591552,1595.804
269,0,107.455140890,36.041591552,1220.955
270,0,108.105538489,36.041591552,1147.742
271,0,108.755936088,36.041591552,1400.071
272,0,109.406333687,36.041591552,961.756
273,0,110.056731286,36.041591552,1034.923
274,0,110.707128885,36.041591552,666.615
275,0,111.357526484,36.041591552,803.704
276,0,112.007924083,36.041591552,830.858
277,0,112.658321682,36.041591552,600.010
278,0,113.308719281,36.041591552,587.410
279,0,113.959116880,36.041591552,344.056
280,0,114.609514479,36.041591552,73.617
281,0,115.259912078,36.041591552,55.966
282,0,115.910309676,36.041591552,45.896
283,0,116.560707275,36.041591552,49.665
284,0,117.211104874,36.041591552,113.780
285,0,117.861502473,36.041591552,248.627
286,0,118.511900072,36.041591552,136.318
287,0,119.162297671,36.041591552,94.912
288,0,119.812695270,36.041591552,46.002
289,0,120.463092869,36.041591552,29.600
290,0,101.601562500,35.391193953,3812.879
291,0,102.251960099,35.391193953,3461.206
292,0,102.902357698,35.391193953,3383.086
293,0,103.552755297,35.391193953,2900.764
294,0,104.203152896,35.391193953,2535.124
295,0,104.853550495,35.391193953,2300.192
296,0,105.503948094,35.391193953,1775.686
297,0,106.154345693,35.391193953,1559.796
298,0,106.804743291,35.391193953,1514.158
299,0,107.455140890,35.391193953,1007.360
300,0,108.105538489,35.391193953,975.740
301,0,108.755936088,35.391193953,741.471
302,0,109.406333687,35.391193953,543.421
303,0,110.056731286,35.391193953,434.621
304,0,110.707128885,35.391193953,404.859
305,0,111.357526484,35.391193953,811.280
306,0,112.007924083,35.391193953,538.867
307,0,112.658321682,35.391193953,288.850
308,0,113.308719281,35.391193953,202.823
309,0,113.959116880,35.391193953,125.769
310,0,114.609514479,35.391193953,67.109
311,0,115.259912078,35.391193953,58.822
312,0,115.910309676,35.391193953,50.757
313,0,116.560707275,35.391193953,43.929
314,0,117.211104874,35.391193953,52.204
315,0,117.861502473,35.391193953,89.670
316,0,118.511900072,35.391193953,59.728
317,0,119.162297671,35.391193953,18.476
318,0,119.812695270,35.391193953,15.701
319,0,101.601562500,34.740796354,3952.161
320,0,102.251960099,34.740796354,3563.989
321,0,102.902357698,34.740796354,3455.759
322,0,103.552755297,34.740796354,2999.656
323,0,104.203152896,34.740796354,2367.358
324,0,104.853550495,34.740796354,1931.026
325,0,105.503948094,34.740796354,1701.136
326,0,106.154345693,34.740796354,1558.691
327,0,106.804743291,34.740796354,1528.937
328,0,107.455140890,34.740796354,1663.391
329,0,108.105538489,34.740796354,1585.756
330,0,108.755936088,34.740796354,717.012
331,0,109.406333687,34.740796354,846.508
332,0,110.056731286,34.740796354,917.483
333,0,110.707128885,34.740796354,875.083
334,0,111.357526484,34.740796354,1028.841
335,0,112.007924083,34.740796354,798.666
336,0,112.658321682,34.740796354,398.956
337,0,113.308719281,34.740796354,177.389
338,0,113.959116880,34.740796354,91.746
339,0,114.609514479,34.740796354,56.529
340,0,115.259912078,34.740796354,49.668
341,0,115.910309676,34.740796354,43.051
342,0,116.560707275,34.740796354,51.566
343,0,117.211104874,34.740796354,81.967
344,0,117.861502473,34.740796354,26.635
345,0,118.511900072,34.740796354,25.433
346,0,119.162297671,34.740796354,6.735
347,0,119.812695270,34.740796354,3.238
348,0,120.463092869,34.740796354,2.800
349,0,101.601562500,34.090398755,3953.380
350,0,102.251960099,34.090398755,3506.083
351,0,102.902357698,34.090398755,3470.431
352,0,103.552755297,34.090398755,3480.180
353,0,104.203152896,34.090398755,2873.212
354,0,104.853550495,34.090398755,2200.170
355,0,105.503948094,34.090398755,1558.682
356,0,106.154345693,34.090398755,1274.990
357,0,106.804743291,34.090398755,1285.995
358,0,107.455140890,34.090398755,1173.367
359,0,108.105538489,34.090398755,1400.827
360,0,108.755936088,34.090398755,1649.159
361,0,109.406333687,34.090398755,1248.161
362,0,110.056731286,34.090398755,1168.538
363,0,110.707128885,34.090398755,617.813
364,0,111.357526484,34.090398755,599.438
365,0,112.007924083,34.090398755,581.821
366,0,112.658321682,34.090398755,382.345
367,0,113.308719281,34.090398755,169.012
368,0,113.959116880,34.090398755,70.832
369,0,114.609514479,34.090398755,49.535
370,0,115.259912078,34.090398755,39.814
371,0,115.910309676,34.090398755,33.570
372,0,116.560707275,34.090398755,30.839
373,0,117.211104874,34.090398755,27.238
374,0,117.861502473,34.090398755,20.434
375,0,118.511900072,34.090398755,13.331
376,0,119.162297671,34.090398755,6.108
377,0,119.812695270,34.090398755,1.979
378,0,120.463092869,34.090398755,0.625
379,0,121.113490468,34.090398755,0.400
380,0,101.601562500,33.440001156,3871.873
381,0,102.251960099,33.440001156,3840.856
382,0,102.902357698,33.440001156,3815.175
383,0,103.552755297,33.440001156,3640.700
384,0,104.203152896,33.440001156,2992.339
385,0,104.853550495,33.440001156,1849.674
386,0,105.503948094,33.440001156,1063.057
387,0,106.154345693,33.440001156,1083.217
388,0,106.804743291,33.440001156,1184.970
389,0,107.455140890,33.440001156,990.071
390,0,108.105538489,33.440001156,1057.557
391,0,108.755936088,33.440001156,481.335
392,0,109.406333687,33.440001156,493.476
393,0,110.056731286,33.440001156,501.077
394,0,110.707128885,33.440001156,268.536
395,0,111.357526484,33.440001156,410.105
396,0,112.007924083,33.440001156,202.437
397,0,112.658321682,33.440001156,122.812
398,0,113.308719281,33.440001156,246.939
399,0,113.959116880,33.440001156,184.237
400,0,114.609514479,33.440001156,51.926
401,0,115.259912078,33.440001156,37.737
402,0,115.910309676,33.440001156,30.873
403,0,116.560707275,33.440001156,24.989
404,0,117.211104874,33.440001156,24.716
405,0,117.861502473,33.440001156,44.785
406,0,118.511900072,33.440001156,83.091
407,0,119.162297671,33.440001156,7.750
408,0,119.812695270,33.440001156,1.852
409,0,120.463092869,33.440001156,2.966
410,0,121.113490468,33.440001156,3.258
411,0,121.763888067,33.440001156,2.800
412,0,101.601562500,32.789603557,3470.570
413,0,102.251960099,32.789603557,4024.029
414,0,102.902357698,32.789603557,4062.869
415,0,103.552755297,32.789603557,3461.380
416,0,104.203152896,32.789603557,2116.380
417,0,104.853550495,32.789603557,1276.049
418,0,105.503948094,32.789603557,933.476
419,0,106.154345693,32.789603557,748.419
420,0,106.804743291,32.789603557,802.745
421,0,107.455140890,32.789603557,957.495
422,0,108.105538489,32.789603557,1011.018
423,0,108.755936088,32.789603557,1333.506
424,0,109.406333687,32.789603557,970.376
425,0,110.056731286,32.789603557,649.368
426,0,110.707128885,32.789603557,890.121
427,0,111.357526484,32.789603557,428.584
428,0,112.007924083,32.789603557,166.953
429,0,112.658321682,32.789603557,142.345
430,0,113.308719281,32.789603557,306.734
431,0,113.959116880,32.789603557,235.525
432,0,114.609514479,32.789603557,83.615
433,0,115.259912078,32.789603557,79.631
434,0,115.910309676,32.789603557,68.708
435,0,116.560707275,32.789603557,30.389
436,0,117.211104874,32.789603557,45.661
437,0,117.861502473,32.789603557,44.178
438,0,118.511900072,32.789603557,11.174
439,0,119.162297671,32.789603557,10.906
440,0,119.812695270,32.789603557,4.510
441,0,120.463092869,32.789603557,4.817
442,0,121.113490468,32.789603557,3.264
443,0,121.763888067,32.789603557,2.494
444,0,101.601562500,32.139205958,4047.736
445,0,102.251960099,32.139205958,3907.351
446,0,102.902357698,32.139205958,4136.235
447,0,103.552755297,32.139205958,2911.336
448,0,104.203152896,32.139205958,1299.485
449,0,104.853550495,32.139205958,587.153
450,0,105.503948094,32.139205958,482.790
451,0,106.154345693,32.139205958,455.576
452,0,106.804743291,32.139205958,465.319
453,0,107.455140890,32.139205958,566.631
454,0,108.105538489,32.139205958,851.141
455,0,108.755936088,32.139205958,1333.144
456,0,109.406333687,32.139205958,1220.379
457,0,110.056731286,32.139205958,1215.472
458,0,110.707128885,32.139205958,1258.511
459,0,111.357526484,32.139205958,1201.459
460,0,112.007924083,32.139205958,388.947
461,0,112.658321682,32.139205958,173.246
462,0,113.308719281,32.139205958,119.209
463,0,113.959116880,32.139205958,119.943
464,0,114.609514479,32.139205958,185.543
465,0,115.259912078,32.139205958,287.478
466,0,115.910309676,32.139205958,344.158
467,0,116.560707275,32.139205958,180.262
468,0,117.211104874,32.139205958,32.143
469,0,117.861502473,32.139205958,10.236
470,0,118.511900072,32.139205958,11.829
471,0,119.162297671,32.139205958,43.211
472,0,119.812695270,32.139205958,13.850
473,0,120.463092869,32.139205958,6.185
474,0,121.113490468,32.139205958,2.633
475,0,121.763888067,32.139205958,1.490
476,0,101.601562500,31.488808359,3683.674
477,0,102.251960099,31.488808359,3179.379
478,0,102.902357698,31.488808359,3276.149
479,0,103.552755297,31.488808359,1354.920
480,0,104.203152896,31.488808359,535.555
481,0,104.853550495,31.488808359,440.835
482,0,105.503948094,31.488808359,397.196
483,0,106.154345693,31.488808359,377.602
484,0,106.804743291,31.488808359,401.365
485,0,107.455140890,31.488808359,466.490
486,0,108.105538489,31.488808359,570.849
487,0,108.755936088,31.488808359,771.454
488,0,109.406333687,31.488808359,998.386
489,0,110.056731286,31.488808359,1125.748
490,0,110.707128885,31.488808359,810.819
491,0,111.357526484,31.488808359,483.600
492,0,112.007924083,31.488808359,219.088
493,0,112.658321682,31.488808359,145.716
494,0,113.308719281,31.488808359,78.696
495,0,113.959116880,31.488808359,55.155
496,0,114.609514479,31.488808359,59.423
497,0,115.259912078,31.488808359,169.063
498,0,115.910309676,31.488808359,425.023
499,0,116.560707275,31.488808359,438.271
500,0,117.211104874,31.488808359,45.888
501,0,117.861502473,31.488808359,158.975
502,0,118.511900072,31.488808359,89.377
503,0,119.162297671,31.488808359,92.781
504,0,119.812695270,31.488808359,64.706
505,0,120.463092869,31.488808359,16.549
506,0,121.113490468,31.488808359,4.574
507,0,121.763888067,31.488808359,4.446
508,0,101.601562500,30.838410760,4097.258
509,0,102.251960099,30.838410760,3006.610
510,0,102.902357698,30.838410760,1892.849
511,0,103.552755297,30.838410760,778.276
512,0,104.203152896,30.838410760,455.452
513,0,104.853550495,30.838410760,419.428
514,0,105.503948094,30.838410760,363.593
515,0,106.154345693,30.838410760,360.465
516,0,106.804743291,30.838410760,395.524
517,0,107.455140890,30.838410760,446.180
518,0,108.105538489,30.838410760,689.913
519,0,108.755936088,30.838410760,1134.847
520,0,109.406333687,30.838410760,1264.714
521,0,110.056731286,30.838410760,1035.870
522,0,110.707128885,30.838410760,861.568
523,0,111.357526484,30.838410760,226.965
524,0,112.007924083,30.838410760,55.369
525,0,112.658321682,30.838410760,33.627
526,0,113.308719281,30.838410760,28.415
527,0,113.959116880,30.838410760,30.708
528,0,114.609514479,30.838410760,34.019
529,0,115.259912078,30.838410760,68.400
530,0,115.910309676,30.838410760,95.843
531,0,116.560707275,30.838410760,56.930
532,0,117.211104874,30.838410760,167.567
533,0,117.861502473,30.838410760,383.676
534,0,118.511900072,30.838410760,233.714
535,0,119.162297671,30.838410760,262.802
536,0,119.812695270,30.838410760,206.692
537,0,120.463092869,30.838410760,98.721
538,0,121.113490468,30.838410760,156.981
539,0,121.763888067,30.838410760,129.785
540,0,122.414285666,30.838410760,65.000
541,0,101.601562500,30.188013161,4141.588
542,0,102.251960099,30.188013161,2347.519
543,0,102.902357698,30.188013161,1506.942
544,0,103.552755297,30.188013161,758.379
545,0,104.203152896,30.188013161,458.524
546,0,104.853550495,30.188013161,386.268
547,0,105.503948094,30.188013161,366.461
548,0,106.154345693,30.188013161,381.055
549,0,106.804743291,30.188013161,463.648
550,0,107.455140890,30.188013161,644.347
551,0,108.105538489,30.188013161,811.043
552,0,108.755936088,30.188013161,819.189
553,0,109.406333687,30.188013161,814.689
554,0,110.056731286,30.188013161,716.648
555,0,110.707128885,30.188013161,477.467
556,0,111.357526484,30.188013161,180.566
557,0,112.007924083,30.188013161,56.778
558,0,112.658321682,30.188013161,28.584
559,0,113.308719281,30.188013161,86.033
560,0,113.959116880,30.188013161,210.308
561,0,114.609514479,30.188013161,190.492
562,0,115.259912078,30.188013161,60.717
563,0,115.910309676,30.188013161,25.555
564,0,116.560707275,30.188013161,58.035
565,0,117.211104874,30.188013161,179.692
566,0,117.861502473,30.188013161,188.610
567,0,118.511900072,30.188013161,260.026
568,0,119.162297671,30.188013161,241.716
569,0,119.812695270,30.188013161,199.445
570,0,120.463092869,30.188013161,321.436
571,0,121.113490468,30.188013161,301.050
572,0,121.763888067,30.188013161,125.966
573,0,122.414285666,30.188013161,39.129
574,0,101.601562500,29.537615562,4033.467
575,0,102.251960099,29.537615562,2590.844
576,0,102.902357698,29.537615562,2426.329
577,0,103.552755297,29.537615562,1294.695
578,0,104.203152896,29.537615562,580.293
579,0,104.853550495,29.537615562,381.688
580,0,105.503948094,29.537615562,466.864
581,0,106.154345693,29.537615562,674.186
582,0,106.804743291,29.537615562,887.448
583,0,107.455140890,29.537615562,974.840
584,0,108.105538489,29.537615562,807.483
585,0,108.755936088,29.537615562,741.566
586,0,109.406333687,29.537615562,572.087
587,0,110.056731286,29.537615562,594.937
588,0,110.707128885,29.537615562,299.808
589,0,111.357526484,29.537615562,222.130
590,0,112.007924083,29.537615562,91.073
591,0,112.658321682,29.537615562,37.023
592,0,113.308719281,29.537615562,141.020
593,0,113.959116880,29.537615562,367.928
594,0,114.609514479,29.537615562,373.501
595,0,115.259912078,29.537615562,156.524
596,0,115.910309676,29.537615562,40.914
597,0,116.560707275,29.537615562,35.814
598,0,117.211104874,29.537615562,130.511
599,0,117.861502473,29.537615562,347.986
600,0,118.511900072,29.537615562,248.959
601,0,119.162297671,29.537615562,455.346
602,0,119.812695270,29.537615562,251.419
603,0,120.463092869,29.537615562,476.603
604,0,121.113490468,29.537615562,284.605
605,0,121.763888067,29.537615562,101.849
606,0,122.414285666,29.537615562,9.200
607,0,101.601562500,28.887217963,3365.030
608,0,102.251960099,28.887217963,2774.890
609,0,102.902357698,28.887217963,2709.677
610,0,103.552755297,28.887217963,1976.654
611,0,104.203152896,28.887217963,1149.443
612,0,104.853550495,28.887217963,840.176
613,0,105.503948094,28.887217963,826.613
614,0,106.154345693,28.887217963,931.847
615,0,106.804743291,28.887217963,1087.051
616,0,107.455140890,28.887217963,1029.019
617,0,108.105538489,28.887217963,842.294
618,0,108.755936088,28.887217963,969.095
619,0,109.406333687,28.887217963,569.712
620,0,110.056731286,28.887217963,388.709
621,0,110.707128885,28.887217963,283.537
622,0,111.357526484,28.887217963,365.901
623,0,112.007924083,28.887217963,180.696
624,0,112.658321682,28.887217963,77.234
625,0,113.308719281,28.887217963,155.941
626,0,113.959116880,28.887217963,296.399
627,0,114.609514479,28.887217963,284.601
628,0,115.259912078,28.887217963,137.766
629,0,115.910309676,28.887217963,46.048
630,0,116.560707275,28.887217963,102.784
631,0,117.211104874,28.887217963,367.318
632,0,117.861502473,28.887217963,542.672
633,0,118.511900072,28.887217963,308.086
634,0,119.162297671,28.887217963,675.043
635,0,119.812695270,28.887217963,462.088
636,0,120.463092869,28.887217963,282.042
637,0,121.113490468,28.887217963,146.759
638,0,121.763888067,28.887217963,53.000
639,0,101.601562500,28.236820364,3256.748
640,0,102.251960099,28.236820364,2165.660
641,0,102.902357698,28.236820364,1848.599
642,0,103.552755297,28.236820364,1968.295
643,0,104.203152896,28.236820364,1833.389
644,0,104.853550495,28.236820364,1647.074
645,0,105.503948094,28.236820364,1453.987
646,0,106.154345693,28.236820364,1164.189
647,0,106.804743291,28.236820364,951.468
648,0,107.455140890,28.236820364,944.143
649,0,108.105538489,28.236820364,938.432
650,0,108.755936088,28.236820364,917.150
651,0,109.406333687,28.236820364,525.958
652,0,110.056731286,28.236820364,424.643
653,0,110.707128885,28.236820364,766.150
654,0,111.357526484,28.236820364,415.544
655,0,112.007924083,28.236820364,207.961
656,0,112.658321682,28.236820364,114.824
657,0,113.308719281,28.236820364,129.370
658,0,113.959116880,28.236820364,223.635
659,0,114.609514479,28.236820364,190.177
660,0,115.259912078,28.236820364,90.656
661,0,115.910309676,28.236820364,143.637
662,0,116.560707275,28.236820364,276.396
663,0,117.211104874,28.236820364,431.595
664,0,117.861502473,28.236820364,422.543
665,0,118.511900072,28.236820364,460.990
666,0,119.162297671,28.236820364,865.326
667,0,119.812695270,28.236820364,557.827
668,0,120.463092869,28.236820364,139.415
669,0,121.113490468,28.236820364,41.046
670,0,101.601562500,27.586422766,2456.130
671,0,102.251960099,27.586422766,2096.395
672,0,102.902357698,27.586422766,1412.733
673,0,103.552755297,27.586422766,1824.900
674,0,104.203152896,27.586422766,2007.498
675,0,104.853550495,27.586422766,1926.785
676,0,105.503948094,27.586422766,1645.072
677,0,106.154345693,27.586422766,1310.260
678,0,106.804743291,27.586422766,1117.815
679,0,107.455140890,27.586422766,999.490
680,0,108.105538489,27.586422766,897.016
681,0,108.755936088,27.586422766,829.421
682,0,109.406333687,27.586422766,467.431
683,0,110.056731286,27.586422766,462.380
684,0,110.707128885,27.586422766,621.886
685,0,111.357526484,27.586422766,417.919
686,0,112.007924083,27.586422766,196.403
687,0,112.658321682,27.586422766,105.112
688,0,113.308719281,27.586422766,108.337
689,0,113.959116880,27.586422766,266.051
690,0,114.609514479,27.586422766,248.085
691,0,115.259912078,27.586422766,146.265
692,0,115.910309676,27.586422766,247.299
693,0,116.560707275,27.586422766,287.454
694,0,117.211104874,27.586422766,415.615
695,0,117.861502473,27.586422766,403.761
696,0,118.511900072,27.586422766,493.540
697,0,119.162297671,27.586422766,942.366
698,0,119.812695270,27.586422766,350.745
699,0,120.463092869,27.586422766,136.655
700,0,121.113490468,27.586422766,40.600
701,0,101.601562500,26.936025167,1820.789
702,0,102.251960099,26.936025167,2046.468
703,0,102.902357698,26.936025167,2367.168
704,0,103.552755297,26.936025167,2136.884
705,0,104.203152896,26.936025167,1981.612
706,0,104.853550495,26.936025167,1621.588
707,0,105.503948094,26.936025167,1362.337
708,0,106.154345693,26.936025167,1299.023
709,0,106.804743291,26.936025167,1202.680
710,0,107.455140890,26.936025167,1014.866
711,0,108.105538489,26.936025167,774.553
712,0,108.755936088,26.936025167,835.370
713,0,109.406333687,26.936025167,526.228
714,0,110.056731286,26.936025167,1007.067
715,0,110.707128885,26.936025167,762.949
716,0,111.357526484,26.936025167,323.727
717,0,112.007924083,26.936025167,402.373
718,0,112.658321682,26.936025167,258.760
719,0,113.308719281,26.936025167,396.627
720,0,113.959116880,26.936025167,470.382
721,0,114.609514479,26.936025167,288.820
722,0,115.259912078,26.936025167,177.904
723,0,115.910309676,26.936025167,254.755
724,0,116.560707275,26.936025167,349.160
725,0,117.211104874,26.936025167,490.038
726,0,117.861502473,26.936025167,672.231
727,0,118.511900072,26.936025167,805.452
728,0,119.162297671,26.936025167,334.981
729,0,119.812695270,26.936025167,74.244
730,0,120.463092869,26.936025167,37.810
731,0,101.601562500,26.285627568,1938.689
732,0,102.251960099,26.285627568,2036.718
733,0,102.902357698,26.285627568,2412.192
734,0,103.552755297,26.285627568,2131.419
735,0,104.203152896,26.285627568,1959.383
736,0,104.853550495,26.285627568,1614.188
737,0,105.503948094,26.285627568,1125.908
738,0,106.154345693,26.285627568,882.359
739,0,106.804743291,26.285627568,898.151
740,0,107.455140890,26.285627568,841.402
741,0,108.105538489,26.285627568,699.765
742,0,108.755936088,26.285627568,798.365
743,0,109.406333687,26.285627568,471.815
744,0,110.056731286,26.285627568,637.071
745,0,110.707128885,26.285627568,610.372
746,0,111.357526484,26.285627568,322.498
747,0,112.007924083,26.285627568,381.287
748,0,112.658321682,26.285627568,729.186
749,0,113.308719281,26.285627568,816.469
750,0,113.959116880,26.285627568,607.362
751,0,114.609514479,26.285627568,358.642
752,0,115.259912078,26.285627568,273.704
753,0,115.910309676,26.285627568,340.032
754,0,116.560707275,26.285627568,449.937
755,0,117.211104874,26.285627568,673.498
756,0,117.861502473,26.285627568,717.244
757,0,118.511900072,26.285627568,656.759
758,0,119.162297671,26.285627568,86.047
759,0,119.812695270,26.285627568,8.012
760,0,120.463092869,26.285627568,1.708
761,0,101.601562500,25.635229969,2017.429
762,0,102.251960099,25.635229969,2020.329
763,0,102.902357698,25.635229969,2046.806
764,0,103.552755297,25.635229969,2045.014
765,0,104.203152896,25.635229969,1720.008
766,0,104.853550495,25.635229969,1308.507
767,0,105.503948094,25.635229969,1047.938
768,0,106.154345693,25.635229969,1007.960
769,0,106.804743291,25.635229969,900.142
770,0,107.455140890,25.635229969,599.276
771,0,108.105538489,25.635229969,547.274
772,0,108.755936088,25.635229969,461.537
773,0,109.406333687,25.635229969,277.693
774,0,110.056731286,25.635229969,321.551
775,0,110.707128885,25.635229969,308.928
776,0,111.357526484,25.635229969,313.302
777,0,112.007924083,25.635229969,694.587
778,0,112.658321682,25.635229969,765.787
779,0,113.308719281,25.635229969,453.867
780,0,113.959116880,25.635229969,370.618
781,0,114.609514479,25.635229969,403.977
782,0,115.259912078,25.635229969,340.970
783,0,115.910309676,25.635229969,361.398
784,0,116.560707275,25.635229969,478.843
785,0,117.211104874,25.635229969,672.549
786,0,117.861502473,25.635229969,523.014
787,0,118.511900072,25.635229969,159.479
788,0,119.162297671,25.635229969,73.088
789,0,119.812695270,25.635229969,7.597
790,0,120.463092869,25.635229969,1.200
791,0,121.113490468,25.635229969,252.453
792,0,121.763888067,25.635229969,92.711
793,0,122.414285666,25.635229969,2.000
794,0,101.601562500,24.984832370,1547.377
795,0,102.251960099,24.984832370,1924.781
796,0,102.902357698,24.984832370,1999.937
797,0,103.552755297,24.984832370,1689.878
798,0,104.203152896,24.984832370,1470.317
799,0,104.853550495,24.984832370,1211.337
800,0,105.503948094,24.984832370,926.569
801,0,106.154345693,24.984832370,793.621
802,0,106.804743291,24.984832370,654.614
803,0,107.455140890,24.984832370,448.418
804,0,108.105538489,24.984832370,513.561
805,0,108.755936088,24.984832370,343.642
806,0,109.406333687,24.984832370,146.586
807,0,110.056731286,24.984832370,292.226
808,0,110.707128885,24.984832370,345.746
809,0,111.357526484,24.984832370,547.042
810,0,112.007924083,24.984832370,490.340
811,0,112.658321682,24.984832370,361.093
812,0,113.308719281,24.984832370,313.493
813,0,113.959116880,24.984832370,411.062
814,0,114.609514479,24.984832370,373.914
815,0,115.259912078,24.984832370,213.398
816,0,115.910309676,24.984832370,305.964
817,0,116.560707275,24.984832370,599.151
818,0,117.211104874,24.984832370,609.845
819,0,117.861502473,24.984832370,240.593
820,0,118.511900072,24.984832370,38.600
821,0,119.162297671,24.984832370,38.600
822,0,120.463092869,24.984832370,130.412
823,0,121.113490468,24.984832370,1591.006
824,0,121.763888067,24.984832370,1507.938
825,0,122.414285666,24.984832370,2.000
826,0,101.601562500,24.334434771,1297.277
827,0,102.251960099,24.334434771,1419.564
828,0,102.902357698,24.334434771,1786.367
829,0,103.552755297,24.334434771,1775.220
830,0,104.203152896,24.334434771,1615.630
831,0,104.853550495,24.334434771,1368.084
832,0,105.503948094,24.334434771,1071.526
833,0,106.154345693,24.334434771,885.724
834,0,106.804743291,24.334434771,617.167
835,0,107.455140890,24.334434771,247.483
836,0,108.105538489,24.334434771,331.340
837,0,108.755936088,24.334434771,225.233
838,0,109.406333687,24.334434771,143.384
839,0,110.056731286,24.334434771,267.649
840,0,110.707128885,24.334434771,155.269
841,0,111.357526484,24.334434771,277.301
842,0,112.007924083,24.334434771,259.286
843,0,112.658321682,24.334434771,165.199
844,0,113.308719281,24.334434771,114.113
845,0,113.959116880,24.334434771,152.272
846,0,114.609514479,24.334434771,225.007
847,0,115.259912078,24.334434771,283.412
848,0,115.910309676,24.334434771,260.770
849,0,116.560707275,24.334434771,137.201
850,0,117.211104874,24.334434771,138.063
851,0,117.861502473,24.334434771,174.600
852,0,120.463092869,24.334434771,426.413
853,0,121.113490468,24.334434771,1314.492
854,0,121.763888067,24.334434771,1672.310
855,0,101.601562500,23.684037172,1364.907
856,0,102.251960099,23.684037172,1639.163
857,0,102.902357698,23.684037172,1732.283
858,0,103.552755297,23.684037172,1562.594
859,0,104.203152896,23.684037172,1510.782
860,0,104.853550495,23.684037172,1241.379
861,0,105.503948094,23.684037172,1066.483
862,0,106.154345693,23.684037172,913.027
863,0,106.804743291,23.684037172,573.599
864,0,107.455140890,23.684037172,301.561
865,0,108.105538489,23.684037172,145.524
866,0,108.755936088,23.684037172,138.606
867,0,109.406333687,23.684037172,106.299
868,0,110.056731286,23.684037172,190.110
869,0,110.707128885,23.684037172,311.455
870,0,111.357526484,23.684037172,311.998
871,0,112.007924083,23.684037172,200.182
872,0,112.658321682,23.684037172,67.228
873,0,113.308719281,23.684037172,27.013
874,0,113.959116880,23.684037172,210.733
875,0,114.609514479,23.684037172,286.563
876,0,115.259912078,23.684037172,238.636
877,0,115.910309676,23.684037172,51.933
878,0,116.560707275,23.684037172,7.939
879,0,117.211104874,23.684037172,7.600
880,0,120.463092869,23.684037172,249.609
881,0,121.113490468,23.684037172,301.446
882,0,121.763888067,23.684037172,322.331
883,0,101.601562500,23.033639573,1148.932
884,0,102.251960099,23.033639573,1248.957
885,0,102.902357698,23.033639573,1268.984
886,0,103.552755297,23.033639573,1192.708
887,0,104.203152896,23.033639573,727.444
888,0,104.853550495,23.033639573,447.496
889,0,105.503948094,23.033639573,527.378
890,0,106.154345693,23.033639573,512.884
891,0,106.804743291,23.033639573,301.843
892,0,107.455140890,23.033639573,230.878
893,0,108.105538489,23.033639573,218.193
894,0,108.755936088,23.033639573,85.311
895,0,109.406333687,23.033639573,97.419
896,0,110.056731286,23.033639573,158.448
897,0,110.707128885,23.033639573,188.317
898,0,111.357526484,23.033639573,472.016
899,0,112.007924083,23.033639573,284.248
900,0,112.658321682,23.033639573,84.871
901,0,113.308719281,23.033639573,28.013
902,0,113.959116880,23.033639573,68.491
903,0,114.609514479,23.033639573,131.994
904,0,115.259912078,23.033639573,223.068
905,0,115.910309676,23.033639573,7.149
906,0,116.560707275,23.033639573,4.400
907,0,120.463092869,23.033639573,194.642
908,0,121.113490468,23.033639573,103.944
909,0,121.763888067,23.033639573,67.400
